{"cameraMode":{"drawMode":0,"name":"Shaded","section":"Shading Mode"},"sceneLighting":true,"audioPlay":false,"sceneViewState":{"m_AlwaysRefresh":false,"showFog":true,"showSkybox":true,"showFlares":true,"showImageEffects":true,"showParticleSystems":true,"showVisualEffectGraphs":true,"m_FxEnabled":true},"in2DMode":false,"pivot":{"x":0.36281269788742068,"y":2.717092752456665,"z":15.069103240966797},"rotation":{"x":0.2132815569639206,"y":-0.1572059839963913,"z":0.034774571657180789,"w":0.963663637638092},"size":7.619937419891357,"orthographic":false}