{"cameraMode":{"drawMode":0,"name":"Shaded","section":"Shading Mode"},"sceneLighting":false,"audioPlay":false,"sceneViewState":{"m_AlwaysRefresh":false,"showFog":true,"showSkybox":false,"showFlares":true,"showImageEffects":true,"showParticleSystems":true,"showVisualEffectGraphs":true,"m_FxEnabled":true},"in2DMode":false,"pivot":{"x":-1.3783496618270875,"y":1.8512864112854005,"z":3.6354994773864748},"rotation":{"x":0.3250482976436615,"y":-0.18421083688735963,"z":0.06470820307731629,"w":0.9253396987915039},"size":3.1657495498657228,"orthographic":false}