{"cameraMode":{"drawMode":0,"name":"Shaded","section":"Shading Mode"},"sceneLighting":false,"audioPlay":false,"sceneViewState":{"m_AlwaysRefresh":false,"showFog":true,"showSkybox":false,"showFlares":true,"showImageEffects":true,"showParticleSystems":true,"showVisualEffectGraphs":true,"m_FxEnabled":true},"in2DMode":false,"pivot":{"x":-1.1604527235031129,"y":3.0612988471984865,"z":2.3795361518859865},"rotation":{"x":-0.696848452091217,"y":0.050397079437971118,"z":-0.049211058765649798,"w":-0.7137612700462341},"size":2.9928035736083986,"orthographic":true}