{"cameraMode":{"drawMode":0,"name":"Shaded","section":"Shading Mode"},"sceneLighting":false,"audioPlay":false,"sceneViewState":{"m_AlwaysRefresh":false,"showFog":true,"showSkybox":false,"showFlares":true,"showImageEffects":true,"showParticleSystems":true,"showVisualEffectGraphs":true,"m_FxEnabled":true},"in2DMode":false,"pivot":{"x":3.5762786865234377e-7,"y":0.22859668731689454,"z":-5.960464477539063e-7},"rotation":{"x":0.3590385317802429,"y":-0.4718979299068451,"z":0.21859633922576905,"w":0.7750516533851624},"size":2.8187386989593508,"orthographic":false}